[
  {
    "id": "aritifact_1",
    "name": "힘의 부적",
    "rarity": "Common",
    "condition": "",
    "icon": "1.png",
    "tags": "",
    "upgrade ": 0,
    "maxUpgrade ": 3
  },
  {
    "id": "aritifact_2",
    "name": "명석함의 부적",
    "rarity": "Common",
    "condition": "",
    "icon": "2.png",
    "tags": "",
    "upgrade ": 0,
    "maxUpgrade ": 3
  },
  {
    "id": "aritifact_3",
    "name": "부서진 나무뿌리",
    "rarity": "Rare",
    "condition": "",
    "icon": "3.png",
    "tags": "",
    "upgrade ": 0,
    "maxUpgrade ": 4
  },
  {
    "id": "aritifact_4",
    "name": "하트모양 당근",
    "rarity": "Rare",
    "condition": "",
    "icon": "4.png",
    "tags": "",
    "upgrade ": 0,
    "maxUpgrade ": 4
  },
  {
    "id": "aritifact_5",
    "name": "악보 '바람'",
    "rarity": "UnCommon",
    "condition": "",
    "icon": "5.png",
    "tags": "바람노래",
    "upgrade ": 0,
    "maxUpgrade ": 4
  },
  {
    "id": "aritifact_6",
    "name": "검술 교본",
    "rarity": "Rare",
    "condition": "최상단",
    "icon": "6.png",
    "tags": "",
    "upgrade ": 0,
    "maxUpgrade ": 2
  },
  {
    "id": "aritifact_7",
    "name": "방패술 교본",
    "rarity": "Common",
    "condition": "",
    "icon": "7.png",
    "tags": "",
    "upgrade ": 0,
    "maxUpgrade ": 1
  },
  {
    "id": "aritifact_8",
    "name": "바람풀 목도리",
    "rarity": "Common",
    "condition": "",
    "icon": "8.png",
    "tags": "바람노래",
    "upgrade ": 0,
    "maxUpgrade ": 3
  },
  {
    "id": "aritifact_9",
    "name": "용골 파편",
    "rarity": "UnCommon",
    "condition": "가장자리",
    "icon": "9.png",
    "tags": "견고",
    "upgrade ": 0,
    "maxUpgrade ": 3
  },
  {
    "id": "aritifact_10",
    "name": "차크람",
    "rarity": "UnCommon",
    "condition": "",
    "icon": "10.png",
    "tags": "정밀",
    "upgrade ": 0,
    "maxUpgrade ": 4
  },
  {
    "id": "aritifact_11",
    "name": "축사의 검집",
    "rarity": "UnCommon",
    "condition": "가장자리",
    "icon": "11.png",
    "tags": "얼음무구",
    "upgrade ": 0,
    "maxUpgrade ": 6
  },
  {
    "id": "aritifact_12",
    "name": "푸른 행성",
    "rarity": "UnCommon",
    "condition": "",
    "icon": "12.png",
    "tags": "행성",
    "upgrade ": 0,
    "maxUpgrade ": 5
  },
  {
    "id": "aritifact_13",
    "name": "붉은 이슬",
    "rarity": "UnCommon",
    "condition": "",
    "icon": "13.png",
    "tags": "정밀",
    "upgrade ": 0,
    "maxUpgrade ": 3
  },
  {
    "id": "aritifact_14",
    "name": "따뜻한 돌",
    "rarity": "Rare",
    "condition": "안쪽",
    "icon": "14.png",
    "tags": "잉걸불",
    "upgrade ": 0,
    "maxUpgrade ": 3
  },
  {
    "id": "aritifact_15",
    "name": "말라버린 꽃",
    "rarity": "Common",
    "condition": "",
    "icon": "15.png",
    "tags": "신비",
    "upgrade ": 0,
    "maxUpgrade ": 2
  },
  {
    "id": "aritifact_16",
    "name": "교만의 금관",
    "rarity": "Rare",
    "condition": "",
    "icon": "16.png",
    "tags": "",
    "upgrade ": 0,
    "maxUpgrade ": 4
  },
  {
    "id": "aritifact_17",
    "name": "간이 계약서",
    "rarity": "UnCommon",
    "condition": "",
    "icon": "17.png",
    "tags": "동료",
    "upgrade ": 0,
    "maxUpgrade ": 8
  },
  {
    "id": "aritifact_18",
    "name": "차가운 자물쇠",
    "rarity": "UnCommon",
    "condition": "양쪽칸이 공백",
    "icon": "18.png",
    "tags": "빙하",
    "upgrade ": 0,
    "maxUpgrade ": 4
  },
  {
    "id": "aritifact_19",
    "name": "금빛 핸드벨",
    "rarity": "UnCommon",
    "condition": "",
    "icon": "19.png",
    "tags": "동료",
    "upgrade ": 0,
    "maxUpgrade ": 8
  },
  {
    "id": "aritifact_20",
    "name": "엔도디트의 문진",
    "rarity": "Common",
    "condition": "",
    "icon": "20.png",
    "tags": "신비",
    "upgrade ": 0,
    "maxUpgrade ": 2
  },
  {
    "id": "aritifact_21",
    "name": "붉은 뱀의 눈",
    "rarity": "UnCommon",
    "condition": "",
    "icon": "21.png",
    "tags": "잉걸불",
    "upgrade ": 0,
    "maxUpgrade ": 5
  },
  {
    "id": "aritifact_22",
    "name": "실드메이트",
    "rarity": "Legendary",
    "condition": "",
    "icon": "22.png",
    "tags": "",
    "upgrade ": 0,
    "maxUpgrade ": 5
  },
  {
    "id": "aritifact_23",
    "name": "구름 병",
    "rarity": "UnCommon",
    "condition": "",
    "icon": "23.png",
    "tags": "먹구름, 마법공학",
    "upgrade ": 0,
    "maxUpgrade ": 3
  },
  {
    "id": "aritifact_24",
    "name": "전사의 증표",
    "rarity": "UnCommon",
    "condition": "",
    "icon": "24.png",
    "tags": "견고",
    "upgrade ": 0,
    "maxUpgrade ": 5
  },
  {
    "id": "aritifact_25",
    "name": "하얀 나뭇가지",
    "rarity": "Rare",
    "condition": "",
    "icon": "25.png",
    "tags": "",
    "upgrade ": 0,
    "maxUpgrade ": 4
  },
  {
    "id": "aritifact_26",
    "name": "마법 당근",
    "rarity": "UnCommon",
    "condition": "최상단",
    "icon": "26.png",
    "tags": "",
    "upgrade ": 0,
    "maxUpgrade ": 4
  },
  {
    "id": "aritifact_27",
    "name": "형광 부적",
    "rarity": "UnCommon",
    "condition": "",
    "icon": "27.png",
    "tags": "",
    "upgrade ": 0,
    "maxUpgrade ": 4
  },
  {
    "id": "aritifact_28",
    "name": "리포스테 검 조각",
    "rarity": "UnCommon",
    "condition": "",
    "icon": "28.png",
    "tags": "정밀",
    "upgrade ": 0,
    "maxUpgrade ": 5
  },
  {
    "id": "aritifact_29",
    "name": "청동거울 파편",
    "rarity": "Rare",
    "condition": "",
    "icon": "29.png",
    "tags": "",
    "upgrade ": 0,
    "maxUpgrade ": 3
  },
  {
    "id": "aritifact_30",
    "name": "도서관 분침 미니어처",
    "rarity": "Rare",
    "condition": "",
    "icon": "30.png",
    "tags": "정밀",
    "upgrade ": 0,
    "maxUpgrade ": 2
  },
  {
    "id": "aritifact_31",
    "name": "푸른 진주",
    "rarity": "UnCommon",
    "condition": "",
    "icon": "31.png",
    "tags": "",
    "upgrade ": 0,
    "maxUpgrade ": 3
  },
  {
    "id": "aritifact_32",
    "name": "세렌의 휘갈긴 편지",
    "rarity": "Rare",
    "condition": "",
    "icon": "32.png",
    "tags": "",
    "upgrade ": 0,
    "maxUpgrade ": 2
  },
  {
    "id": "aritifact_33",
    "name": "작은 마법 고둥",
    "rarity": "UnCommon",
    "condition": "",
    "icon": "33.png",
    "tags": "",
    "upgrade ": 0,
    "maxUpgrade ": 2
  },
  {
    "id": "aritifact_34",
    "name": "돛대 모형",
    "rarity": "Common",
    "condition": "",
    "icon": "34.png",
    "tags": "먹구름",
    "upgrade ": 0,
    "maxUpgrade ": 2
  },
  {
    "id": "aritifact_35",
    "name": "캘세더니 열쇠",
    "rarity": "Common",
    "condition": "",
    "icon": "35.png",
    "tags": "",
    "upgrade ": 0,
    "maxUpgrade ": 6
  },
  {
    "id": "aritifact_36",
    "name": "사포테 열매",
    "rarity": "UnCommon",
    "condition": "",
    "icon": "36.png",
    "tags": "먹구름",
    "upgrade ": 0,
    "maxUpgrade ": 2
  },
  {
    "id": "aritifact_37",
    "name": "뾰족 도토리",
    "rarity": "UnCommon",
    "condition": "",
    "icon": "37.png",
    "tags": "먹구름",
    "upgrade ": 0,
    "maxUpgrade ": 3
  },
  {
    "id": "aritifact_38",
    "name": "미니 발리스타",
    "rarity": "UnCommon",
    "condition": "",
    "icon": "38.png",
    "tags": "동료, 먹구름",
    "upgrade ": 0,
    "maxUpgrade ": 4
  },
  {
    "id": "aritifact_39",
    "name": "잎새 가죽",
    "rarity": "UnCommon",
    "condition": "",
    "icon": "39.png",
    "tags": "먹구름",
    "upgrade ": 0,
    "maxUpgrade ": 5
  },
  {
    "id": "aritifact_40",
    "name": "찌릿 슈크림빵",
    "rarity": "Common",
    "condition": "",
    "icon": "40.png",
    "tags": "먹구름",
    "upgrade ": 0,
    "maxUpgrade ": 1
  },
  {
    "id": "aritifact_41",
    "name": "마법의 정석",
    "rarity": "Rare",
    "condition": "",
    "icon": "41.png",
    "tags": "",
    "upgrade ": 0,
    "maxUpgrade ": 4
  },
  {
    "id": "aritifact_42",
    "name": "인공정령 이피엘",
    "rarity": "Rare",
    "condition": "",
    "icon": "42.png",
    "tags": "",
    "upgrade ": 0,
    "maxUpgrade ": 5
  },
  {
    "id": "aritifact_43",
    "name": "뾰족 부싯돌",
    "rarity": "UnCommon",
    "condition": "",
    "icon": "43.png",
    "tags": "잉걸불",
    "upgrade ": 0,
    "maxUpgrade ": 3
  },
  {
    "id": "aritifact_44",
    "name": "겸손의 왕관",
    "rarity": "Legendary",
    "condition": "",
    "icon": "44.png",
    "tags": "",
    "upgrade ": 0,
    "maxUpgrade ": 4
  },
  {
    "id": "aritifact_45",
    "name": "모형 부리",
    "rarity": "Rare",
    "condition": "",
    "icon": "45.png",
    "tags": "바람노래",
    "upgrade ": 0,
    "maxUpgrade ": 4
  },
  {
    "id": "aritifact_46",
    "name": "압박 밴드",
    "rarity": "Common",
    "condition": "",
    "icon": "46.png",
    "tags": "",
    "upgrade ": 0,
    "maxUpgrade ": 2
  },
  {
    "id": "aritifact_47",
    "name": "열망의 부적",
    "rarity": "Common",
    "condition": "",
    "icon": "47.png",
    "tags": "",
    "upgrade ": 0,
    "maxUpgrade ": 3
  },
  {
    "id": "aritifact_48",
    "name": "은접시",
    "rarity": "Common",
    "condition": "최하단",
    "icon": "48.png",
    "tags": "",
    "upgrade ": 0,
    "maxUpgrade ": 2
  },
  {
    "id": "aritifact_49",
    "name": "크리톤의 인장",
    "rarity": "Common",
    "condition": "",
    "icon": "49.png",
    "tags": "",
    "upgrade ": 0,
    "maxUpgrade ": 2
  },
  {
    "id": "aritifact_50",
    "name": "초록색 톱니",
    "rarity": "Common",
    "condition": "",
    "icon": "50.png",
    "tags": "마법공학",
    "upgrade ": 0,
    "maxUpgrade ": 0
  },
  {
    "id": "aritifact_51",
    "name": "얇은 방석",
    "rarity": "Rare",
    "condition": "",
    "icon": "51.png",
    "tags": "동료",
    "upgrade ": 0,
    "maxUpgrade ": 6
  },
  {
    "id": "aritifact_52",
    "name": "호박석",
    "rarity": "UnCommon",
    "condition": "",
    "icon": "52.png",
    "tags": "신비",
    "upgrade ": 0,
    "maxUpgrade ": 3
  },
  {
    "id": "aritifact_53",
    "name": "용연향",
    "rarity": "UnCommon",
    "condition": "",
    "icon": "53.png",
    "tags": "잉걸불",
    "upgrade ": 0,
    "maxUpgrade ": 4
  },
  {
    "id": "aritifact_54",
    "name": "오히아 레후아",
    "rarity": "Common",
    "condition": "",
    "icon": "54.png",
    "tags": "잉걸불",
    "upgrade ": 0,
    "maxUpgrade ": 2
  },
  {
    "id": "aritifact_55",
    "name": "신갈나무 숯",
    "rarity": "UnCommon",
    "condition": "",
    "icon": "55.png",
    "tags": "잉걸불",
    "upgrade ": 0,
    "maxUpgrade ": 4
  },
  {
    "id": "aritifact_56",
    "name": "뇌문 점토판",
    "rarity": "Legendary",
    "condition": "",
    "icon": "56.png",
    "tags": "먹구름, 마법공학",
    "upgrade ": 0,
    "maxUpgrade ": 4
  },
  {
    "id": "aritifact_57",
    "name": "노란 행성",
    "rarity": "UnCommon",
    "condition": "",
    "icon": "57.png",
    "tags": "행성",
    "upgrade ": 0,
    "maxUpgrade ": 6
  },
  {
    "id": "aritifact_58",
    "name": "붉은 행성",
    "rarity": "UnCommon",
    "condition": "",
    "icon": "58.png",
    "tags": "행성",
    "upgrade ": 0,
    "maxUpgrade ": 6
  },
  {
    "id": "aritifact_59",
    "name": "하늘색 행성",
    "rarity": "UnCommon",
    "condition": "",
    "icon": "59.png",
    "tags": "행성",
    "upgrade ": 0,
    "maxUpgrade ": 5
  },
  {
    "id": "aritifact_60",
    "name": "거대 망원경",
    "rarity": "Legendary",
    "condition": "",
    "icon": "60.png",
    "tags": "행성",
    "upgrade ": 0,
    "maxUpgrade ": 0
  },
  {
    "id": "aritifact_61",
    "name": "부정한 붕대",
    "rarity": "UnCommon",
    "condition": "",
    "icon": "61.png",
    "tags": "",
    "upgrade ": 0,
    "maxUpgrade ": 3
  },
  {
    "id": "aritifact_62",
    "name": "버려진 금반지",
    "rarity": "Common",
    "condition": "",
    "icon": "62.png",
    "tags": "",
    "upgrade ": 0,
    "maxUpgrade ": 2
  },
  {
    "id": "aritifact_63",
    "name": "절대반지",
    "rarity": "Legendary",
    "condition": "",
    "icon": "63.png",
    "tags": "",
    "upgrade ": 0,
    "maxUpgrade ": 2
  },
  {
    "id": "aritifact_64",
    "name": "피뢰침",
    "rarity": "Legendary",
    "condition": "",
    "icon": "64.png",
    "tags": "먹구름",
    "upgrade ": 0,
    "maxUpgrade ": 5
  },
  {
    "id": "aritifact_65",
    "name": "발리송",
    "rarity": "UnCommon",
    "condition": "",
    "icon": "65.png",
    "tags": "정밀",
    "upgrade ": 0,
    "maxUpgrade ": 3
  },
  {
    "id": "aritifact_66",
    "name": "하얀 알 껍질",
    "rarity": "Rare",
    "condition": "",
    "icon": "66.png",
    "tags": "",
    "upgrade ": 0,
    "maxUpgrade ": 4
  },
  {
    "id": "aritifact_67",
    "name": "흰 테두리 빵",
    "rarity": "Legendary",
    "condition": "",
    "icon": "67.png",
    "tags": "",
    "upgrade ": 0,
    "maxUpgrade ": 2
  },
  {
    "id": "aritifact_68",
    "name": "혈석 반지",
    "rarity": "Rare",
    "condition": "",
    "icon": "68.png",
    "tags": "",
    "upgrade ": 0,
    "maxUpgrade ": 2
  },
  {
    "id": "aritifact_69",
    "name": "홍차 잎 주머니",
    "rarity": "Rare",
    "condition": "",
    "icon": "69.png",
    "tags": "",
    "upgrade ": 0,
    "maxUpgrade ": 2
  },
  {
    "id": "aritifact_70",
    "name": "헬레나의 계단 모형",
    "rarity": "UnCommon",
    "condition": "",
    "icon": "70.png",
    "tags": "견고",
    "upgrade ": 0,
    "maxUpgrade ": 5
  },
  {
    "id": "aritifact_71",
    "name": "황금 단풍잎",
    "rarity": "Common",
    "condition": "",
    "icon": "71.png",
    "tags": "",
    "upgrade ": 0,
    "maxUpgrade ": 5
  },
  {
    "id": "aritifact_72",
    "name": "붉은 실뭉치",
    "rarity": "Rare",
    "condition": "",
    "icon": "72.png",
    "tags": "잉걸불",
    "upgrade ": 0,
    "maxUpgrade ": 4
  },
  {
    "id": "aritifact_73",
    "name": "구름씨 화살촉",
    "rarity": "UnCommon",
    "condition": "",
    "icon": "73.png",
    "tags": "먹구름, 마법공학",
    "upgrade ": 0,
    "maxUpgrade ": 5
  },
  {
    "id": "aritifact_74",
    "name": "알폰소의 뿔",
    "rarity": "Rare",
    "condition": "",
    "icon": "74.png",
    "tags": "동료",
    "upgrade ": 0,
    "maxUpgrade ": 7
  },
  {
    "id": "aritifact_75",
    "name": "초록 잉크병",
    "rarity": "UnCommon",
    "condition": "",
    "icon": "75.png",
    "tags": "",
    "upgrade ": 0,
    "maxUpgrade ": 4
  },
  {
    "id": "aritifact_76",
    "name": "볼루스파",
    "rarity": "Rare",
    "condition": "",
    "icon": "76.png",
    "tags": "얼음무구",
    "upgrade ": 0,
    "maxUpgrade ": 5
  },
  {
    "id": "aritifact_77",
    "name": "금빛 망토",
    "rarity": "UnCommon",
    "condition": "",
    "icon": "77.png",
    "tags": "신비",
    "upgrade ": 0,
    "maxUpgrade ": 2
  },
  {
    "id": "aritifact_78",
    "name": "화염초 뿌리",
    "rarity": "Rare",
    "condition": "",
    "icon": "78.png",
    "tags": "",
    "upgrade ": 0,
    "maxUpgrade ": 2
  },
  {
    "id": "aritifact_79",
    "name": "매혹하는 루어",
    "rarity": "UnCommon",
    "condition": "",
    "icon": "79.png",
    "tags": "",
    "upgrade ": 0,
    "maxUpgrade ": 2
  },
  {
    "id": "aritifact_80",
    "name": "마법의 안경",
    "rarity": "Rare",
    "condition": "",
    "icon": "80.png",
    "tags": "",
    "upgrade ": 0,
    "maxUpgrade ": 3
  },
  {
    "id": "aritifact_81",
    "name": "지푸라기 인형",
    "rarity": "Common",
    "condition": "",
    "icon": "81.png",
    "tags": "",
    "upgrade ": 0,
    "maxUpgrade ": 1
  },
  {
    "id": "aritifact_82",
    "name": "프로슘 반지",
    "rarity": "Common",
    "condition": "",
    "icon": "82.png",
    "tags": "빙하",
    "upgrade ": 0,
    "maxUpgrade ": 5
  },
  {
    "id": "aritifact_83",
    "name": "눈 결정 목걸이",
    "rarity": "Common",
    "condition": "",
    "icon": "83.png",
    "tags": "빙하",
    "upgrade ": 0,
    "maxUpgrade ": 2
  },
  {
    "id": "aritifact_84",
    "name": "푹신한 털장갑",
    "rarity": "Rare",
    "condition": "",
    "icon": "84.png",
    "tags": "",
    "upgrade ": 0,
    "maxUpgrade ": 4
  },
  {
    "id": "aritifact_85",
    "name": "빙하의 메아리",
    "rarity": "UnCommon",
    "condition": "",
    "icon": "85.png",
    "tags": "빙하",
    "upgrade ": 0,
    "maxUpgrade ": 1
  },
  {
    "id": "aritifact_86",
    "name": "얼음 갈매기의 발",
    "rarity": "Rare",
    "condition": "",
    "icon": "86.png",
    "tags": "빙하",
    "upgrade ": 0,
    "maxUpgrade ": 3
  },
  {
    "id": "aritifact_87",
    "name": "붉은 천 조각",
    "rarity": "UnCommon",
    "condition": "",
    "icon": "87.png",
    "tags": "",
    "upgrade ": 0,
    "maxUpgrade ": 3
  },
  {
    "id": "aritifact_88",
    "name": "순백의 망토",
    "rarity": "UnCommon",
    "condition": "",
    "icon": "88.png",
    "tags": "신비",
    "upgrade ": 0,
    "maxUpgrade ": 5
  },
  {
    "id": "aritifact_89",
    "name": "무색 큐브",
    "rarity": "Rare",
    "condition": "",
    "icon": "89.png",
    "tags": "수호",
    "upgrade ": 0,
    "maxUpgrade ": 4
  },
  {
    "id": "aritifact_90",
    "name": "냄비 뚜껑",
    "rarity": "Rare",
    "condition": "",
    "icon": "90.png",
    "tags": "수호",
    "upgrade ": 0,
    "maxUpgrade ": 5
  },
  {
    "id": "aritifact_91",
    "name": "발터의 작업용 단안경",
    "rarity": "Legendary",
    "condition": "",
    "icon": "91.png",
    "tags": "정밀",
    "upgrade ": 0,
    "maxUpgrade ": 4
  },
  {
    "id": "aritifact_92",
    "name": "가시 등껍질",
    "rarity": "UnCommon",
    "condition": "",
    "icon": "92.png",
    "tags": "수호",
    "upgrade ": 0,
    "maxUpgrade ": 2
  },
  {
    "id": "aritifact_93",
    "name": "은팔찌",
    "rarity": "UnCommon",
    "condition": "",
    "icon": "93.png",
    "tags": "",
    "upgrade ": 0,
    "maxUpgrade ": 3
  },
  {
    "id": "aritifact_94",
    "name": "만화경",
    "rarity": "UnCommon",
    "condition": "",
    "icon": "94.png",
    "tags": "정밀",
    "upgrade ": 0,
    "maxUpgrade ": 4
  },
  {
    "id": "aritifact_95",
    "name": "고용 문장 '콜린'",
    "rarity": "Rare",
    "condition": "",
    "icon": "95.png",
    "tags": "동료",
    "upgrade ": 0,
    "maxUpgrade ": 2
  },
  {
    "id": "aritifact_96",
    "name": "눈보라 망치",
    "rarity": "UnCommon",
    "condition": "",
    "icon": "96.png",
    "tags": "얼음무구",
    "upgrade ": 0,
    "maxUpgrade ": 6
  },
  {
    "id": "aritifact_97",
    "name": "얼어붙은 심장",
    "rarity": "Rare",
    "condition": "",
    "icon": "97.png",
    "tags": "얼음무구, 빙하",
    "upgrade ": 0,
    "maxUpgrade ": 7
  },
  {
    "id": "aritifact_98",
    "name": "아이스 스타",
    "rarity": "UnCommon",
    "condition": "",
    "icon": "98.png",
    "tags": "얼음무구",
    "upgrade ": 0,
    "maxUpgrade ": 5
  },
  {
    "id": "aritifact_99",
    "name": "마그마 구슬",
    "rarity": "UnCommon",
    "condition": "",
    "icon": "99.png",
    "tags": "잉걸불",
    "upgrade ": 0,
    "maxUpgrade ": 3
  },
  {
    "id": "aritifact_100",
    "name": "봉황의 날개깃",
    "rarity": "UnCommon",
    "condition": "",
    "icon": "100.png",
    "tags": "잉걸불",
    "upgrade ": 0,
    "maxUpgrade ": 2
  },
  {
    "id": "aritifact_101",
    "name": "천 갑옷",
    "rarity": "Common",
    "condition": "",
    "icon": "101.png",
    "tags": "수호",
    "upgrade ": 0,
    "maxUpgrade ": 3
  },
  {
    "id": "aritifact_102",
    "name": "베고니아 향 주머니",
    "rarity": "Common",
    "condition": "",
    "icon": "102.png",
    "tags": "",
    "upgrade ": 0,
    "maxUpgrade ": 1
  },
  {
    "id": "aritifact_103",
    "name": "이각수 관",
    "rarity": "Rare",
    "condition": "",
    "icon": "103.png",
    "tags": "",
    "upgrade ": 0,
    "maxUpgrade ": 5
  },
  {
    "id": "aritifact_104",
    "name": "마법사의 동전",
    "rarity": "Common",
    "condition": "",
    "icon": "104.png",
    "tags": "마법공학, 신비",
    "upgrade ": 0,
    "maxUpgrade ": 2
  },
  {
    "id": "aritifact_105",
    "name": "레이에 별조각",
    "rarity": "UnCommon",
    "condition": "",
    "icon": "105.png",
    "tags": "신비",
    "upgrade ": 0,
    "maxUpgrade ": 3
  },
  {
    "id": "aritifact_106",
    "name": "비어있는 검 손잡이",
    "rarity": "Legendary",
    "condition": "",
    "icon": "106.png",
    "tags": "",
    "upgrade ": 0,
    "maxUpgrade ": 6
  },
  {
    "id": "aritifact_107",
    "name": "아그배나무 열매",
    "rarity": "UnCommon",
    "condition": "",
    "icon": "107.png",
    "tags": "",
    "upgrade ": 0,
    "maxUpgrade ": 2
  },
  {
    "id": "aritifact_108",
    "name": "라일리의 회중시계",
    "rarity": "Legendary",
    "condition": "최하단",
    "icon": "108.png",
    "tags": "",
    "upgrade ": 0,
    "maxUpgrade ": 2
  },
  {
    "id": "aritifact_109",
    "name": "보석 갑옷",
    "rarity": "Rare",
    "condition": "",
    "icon": "109.png",
    "tags": "",
    "upgrade ": 0,
    "maxUpgrade ": 2
  },
  {
    "id": "aritifact_110",
    "name": "뇌운추적 나침반",
    "rarity": "Rare",
    "condition": "",
    "icon": "110.png",
    "tags": "마법공학",
    "upgrade ": 0,
    "maxUpgrade ": 2
  },
  {
    "id": "aritifact_111",
    "name": "빛나는 모래시계",
    "rarity": "Legendary",
    "condition": "",
    "icon": "111.png",
    "tags": "",
    "upgrade ": 0,
    "maxUpgrade ": 2
  },
  {
    "id": "aritifact_112",
    "name": "파이어 볼트",
    "rarity": "Common",
    "condition": "",
    "icon": "112.png",
    "tags": "잉걸불",
    "upgrade ": 0,
    "maxUpgrade ": 1
  },
  {
    "id": "aritifact_113",
    "name": "회복의 물줄기",
    "rarity": "UnCommon",
    "condition": "",
    "icon": "113.png",
    "tags": "",
    "upgrade ": 0,
    "maxUpgrade ": 0
  },
  {
    "id": "aritifact_114",
    "name": "라이트닝 볼트",
    "rarity": "Common",
    "condition": "",
    "icon": "114.png",
    "tags": "마법공학",
    "upgrade ": 0,
    "maxUpgrade ": 1
  },
  {
    "id": "aritifact_115",
    "name": "파이어 애로우",
    "rarity": "UnCommon",
    "condition": "",
    "icon": "115.png",
    "tags": "잉걸불",
    "upgrade ": 0,
    "maxUpgrade ": 2
  },
  {
    "id": "aritifact_116",
    "name": "샤프 아이",
    "rarity": "UnCommon",
    "condition": "",
    "icon": "116.png",
    "tags": "",
    "upgrade ": 0,
    "maxUpgrade ": 2
  },
  {
    "id": "aritifact_117",
    "name": "헤이스트",
    "rarity": "UnCommon",
    "condition": "",
    "icon": "117.png",
    "tags": "",
    "upgrade ": 0,
    "maxUpgrade ": 2
  },
  {
    "id": "aritifact_118",
    "name": "서리 단검",
    "rarity": "UnCommon",
    "condition": "",
    "icon": "118.png",
    "tags": "빙하",
    "upgrade ": 0,
    "maxUpgrade ": 4
  },
  {
    "id": "aritifact_119",
    "name": "메테오 샤워",
    "rarity": "Legendary",
    "condition": "",
    "icon": "119.png",
    "tags": "잉걸불",
    "upgrade ": 0,
    "maxUpgrade ": 3
  },
  {
    "id": "aritifact_120",
    "name": "애로우 레인",
    "rarity": "Rare",
    "condition": "",
    "icon": "120.png",
    "tags": "빙하",
    "upgrade ": 0,
    "maxUpgrade ": 3
  },
  {
    "id": "aritifact_121",
    "name": "아이스 볼트",
    "rarity": "Common",
    "condition": "",
    "icon": "121.png",
    "tags": "빙하",
    "upgrade ": 0,
    "maxUpgrade ": 1
  },
  {
    "id": "aritifact_122",
    "name": "보호막",
    "rarity": "Common",
    "condition": "",
    "icon": "122.png",
    "tags": "",
    "upgrade ": 0,
    "maxUpgrade ": 1
  },
  {
    "id": "aritifact_123",
    "name": "방패 귀고리",
    "rarity": "UnCommon",
    "condition": "",
    "icon": "123.png",
    "tags": "수호",
    "upgrade ": 0,
    "maxUpgrade ": 3
  },
  {
    "id": "aritifact_124",
    "name": "무뎌진 방울",
    "rarity": "Rare",
    "condition": "",
    "icon": "124.png",
    "tags": "",
    "upgrade ": 0,
    "maxUpgrade ": 2
  },
  {
    "id": "aritifact_125",
    "name": "가시 부적",
    "rarity": "UnCommon",
    "condition": "",
    "icon": "125.png",
    "tags": "견고",
    "upgrade ": 0,
    "maxUpgrade ": 3
  },
  {
    "id": "aritifact_126",
    "name": "검 귀고리",
    "rarity": "Rare",
    "condition": "",
    "icon": "126.png",
    "tags": "수호",
    "upgrade ": 0,
    "maxUpgrade ": 3
  },
  {
    "id": "aritifact_127",
    "name": "발화 기름",
    "rarity": "UnCommon",
    "condition": "",
    "icon": "127.png",
    "tags": "잉걸불",
    "upgrade ": 0,
    "maxUpgrade ": 3
  },
  {
    "id": "aritifact_128",
    "name": "바람개비",
    "rarity": "UnCommon",
    "condition": "",
    "icon": "128.png",
    "tags": "바람노래",
    "upgrade ": 0,
    "maxUpgrade ": 5
  },
  {
    "id": "aritifact_129",
    "name": "가시덤불",
    "rarity": "UnCommon",
    "condition": "안쪽",
    "icon": "129.png",
    "tags": "견고",
    "upgrade ": 0,
    "maxUpgrade ": 4
  },
  {
    "id": "aritifact_130",
    "name": "검은 비늘",
    "rarity": "Legendary",
    "condition": "",
    "icon": "130.png",
    "tags": "",
    "upgrade ": 0,
    "maxUpgrade ": 4
  },
  {
    "id": "aritifact_131",
    "name": "깨진 거울",
    "rarity": "UnCommon",
    "condition": "",
    "icon": "131.png",
    "tags": "",
    "upgrade ": 0,
    "maxUpgrade ": 1
  },
  {
    "id": "aritifact_132",
    "name": "스타 아쿠아마린",
    "rarity": "UnCommon",
    "condition": "",
    "icon": "132.png",
    "tags": "신비",
    "upgrade ": 0,
    "maxUpgrade ": 2
  },
  {
    "id": "aritifact_133",
    "name": "물주머니",
    "rarity": "UnCommon",
    "condition": "",
    "icon": "133.png",
    "tags": "",
    "upgrade ": 0,
    "maxUpgrade ": 3
  },
  {
    "id": "aritifact_134",
    "name": "빙설덩굴",
    "rarity": "UnCommon",
    "condition": "",
    "icon": "134.png",
    "tags": "빙하",
    "upgrade ": 0,
    "maxUpgrade ": 2
  },
  {
    "id": "aritifact_135",
    "name": "격려의 깃발",
    "rarity": "Rare",
    "condition": "",
    "icon": "135.png",
    "tags": "",
    "upgrade ": 0,
    "maxUpgrade ": 2
  },
  {
    "id": "aritifact_136",
    "name": "생명의 손길",
    "rarity": "Rare",
    "condition": "",
    "icon": "136.png",
    "tags": "",
    "upgrade ": 0,
    "maxUpgrade ": 3
  },
  {
    "id": "aritifact_137",
    "name": "스타 루비",
    "rarity": "UnCommon",
    "condition": "",
    "icon": "137.png",
    "tags": "신비",
    "upgrade ": 0,
    "maxUpgrade ": 2
  },
  {
    "id": "aritifact_138",
    "name": "대립의 천칭",
    "rarity": "Rare",
    "condition": "",
    "icon": "138.png",
    "tags": "",
    "upgrade ": 0,
    "maxUpgrade ": 5
  },
  {
    "id": "aritifact_139",
    "name": "푸른 발톱",
    "rarity": "UnCommon",
    "condition": "",
    "icon": "139.png",
    "tags": "빙하",
    "upgrade ": 0,
    "maxUpgrade ": 4
  },
  {
    "id": "aritifact_140",
    "name": "친타마니 돌",
    "rarity": "Legendary",
    "condition": "",
    "icon": "140.png",
    "tags": "",
    "upgrade ": 0,
    "maxUpgrade ": 0
  },
  {
    "id": "aritifact_141",
    "name": "요정의 항아리",
    "rarity": "UnCommon",
    "condition": "",
    "icon": "141.png",
    "tags": "신비",
    "upgrade ": 0,
    "maxUpgrade ": 2
  },
  {
    "id": "aritifact_142",
    "name": "얼어버린 알",
    "rarity": "Rare",
    "condition": "",
    "icon": "142.png",
    "tags": "신비, 빙하",
    "upgrade ": 0,
    "maxUpgrade ": 3
  },
  {
    "id": "aritifact_143",
    "name": "뾰족한 방망이",
    "rarity": "Rare",
    "condition": "",
    "icon": "143.png",
    "tags": "",
    "upgrade ": 0,
    "maxUpgrade ": 2
  },
  {
    "id": "aritifact_144",
    "name": "기린의 뿔",
    "rarity": "Rare",
    "condition": "",
    "icon": "144.png",
    "tags": "",
    "upgrade ": 0,
    "maxUpgrade ": 2
  },
  {
    "id": "aritifact_145",
    "name": "오브러스의 피",
    "rarity": "UnCommon",
    "condition": "",
    "icon": "145.png",
    "tags": "",
    "upgrade ": 0,
    "maxUpgrade ": 3
  },
  {
    "id": "aritifact_146",
    "name": "엘루의 낮잠용 베개",
    "rarity": "UnCommon",
    "condition": "",
    "icon": "146.png",
    "tags": "",
    "upgrade ": 0,
    "maxUpgrade ": 2
  },
  {
    "id": "aritifact_147",
    "name": "화염 이극검",
    "rarity": "UnCommon",
    "condition": "",
    "icon": "147.png",
    "tags": "잉걸불",
    "upgrade ": 0,
    "maxUpgrade ": 5
  },
  {
    "id": "aritifact_148",
    "name": "화염충",
    "rarity": "Rare",
    "condition": "",
    "icon": "148.png",
    "tags": "잉걸불",
    "upgrade ": 0,
    "maxUpgrade ": 5
  },
  {
    "id": "aritifact_149",
    "name": "빙결충",
    "rarity": "Rare",
    "condition": "",
    "icon": "149.png",
    "tags": "빙하",
    "upgrade ": 0,
    "maxUpgrade ": 5
  },
  {
    "id": "aritifact_150",
    "name": "쥐 마법사의 펜던트",
    "rarity": "UnCommon",
    "condition": "",
    "icon": "150.png",
    "tags": "",
    "upgrade ": 0,
    "maxUpgrade ": 0
  },
  {
    "id": "aritifact_151",
    "name": "진주 가루",
    "rarity": "UnCommon",
    "condition": "",
    "icon": "151.png",
    "tags": "",
    "upgrade ": 0,
    "maxUpgrade ": 2
  },
  {
    "id": "aritifact_152",
    "name": "갈망의 보주",
    "rarity": "UnCommon",
    "condition": "",
    "icon": "152.png",
    "tags": "",
    "upgrade ": 0,
    "maxUpgrade ": 3
  },
  {
    "id": "aritifact_153",
    "name": "전투 마법사의 장갑",
    "rarity": "Rare",
    "condition": "",
    "icon": "153.png",
    "tags": "",
    "upgrade ": 0,
    "maxUpgrade ": 3
  },
  {
    "id": "aritifact_154",
    "name": "테로의 영혼가루",
    "rarity": "UnCommon",
    "condition": "",
    "icon": "154.png",
    "tags": "동료",
    "upgrade ": 0,
    "maxUpgrade ": 5
  },
  {
    "id": "aritifact_155",
    "name": "아카데미 브리건딘",
    "rarity": "Rare",
    "condition": "",
    "icon": "155.png",
    "tags": "수호",
    "upgrade ": 0,
    "maxUpgrade ": 5
  },
  {
    "id": "aritifact_156",
    "name": "천둥 갑옷",
    "rarity": "Rare",
    "condition": "",
    "icon": "156.png",
    "tags": "마법공학",
    "upgrade ": 0,
    "maxUpgrade ": 4
  },
  {
    "id": "aritifact_157",
    "name": "연막",
    "rarity": "Common",
    "condition": "",
    "icon": "157.png",
    "tags": "",
    "upgrade ": 0,
    "maxUpgrade ": 0
  },
  {
    "id": "aritifact_158",
    "name": "대축복",
    "rarity": "UnCommon",
    "condition": "",
    "icon": "158.png",
    "tags": "",
    "upgrade ": 0,
    "maxUpgrade ": 2
  },
  {
    "id": "aritifact_159",
    "name": "여섯잎 클로버",
    "rarity": "Legendary",
    "condition": "",
    "icon": "159.png",
    "tags": "신비, 수호",
    "upgrade ": 0,
    "maxUpgrade ": 3
  },
  {
    "id": "aritifact_160",
    "name": "유리 망치",
    "rarity": "UnCommon",
    "condition": "",
    "icon": "160.png",
    "tags": "",
    "upgrade ": 0,
    "maxUpgrade ": 3
  },
  {
    "id": "aritifact_161",
    "name": "베루트의 낫",
    "rarity": "Legendary",
    "condition": "",
    "icon": "161.png",
    "tags": "정밀",
    "upgrade ": 0,
    "maxUpgrade ": 3
  },
  {
    "id": "aritifact_162",
    "name": "아그마 투영검 190,191번",
    "rarity": "Rare",
    "condition": "",
    "icon": "162.png",
    "tags": "견고",
    "upgrade ": 0,
    "maxUpgrade ": 7
  },
  {
    "id": "aritifact_163",
    "name": "맹독 포자 주머니",
    "rarity": "Rare",
    "condition": "",
    "icon": "163.png",
    "tags": "",
    "upgrade ": 0,
    "maxUpgrade ": 3
  },
  {
    "id": "aritifact_164",
    "name": "다용도 벨트",
    "rarity": "Rare",
    "condition": "최하단",
    "icon": "164.png",
    "tags": "",
    "upgrade ": 0,
    "maxUpgrade ": 3
  },
  {
    "id": "aritifact_165",
    "name": "푸른 고리",
    "rarity": "Rare",
    "condition": "",
    "icon": "165.png",
    "tags": "마법공학",
    "upgrade ": 0,
    "maxUpgrade ": 5
  },
  {
    "id": "aritifact_166",
    "name": "토끼마을 경비병 투구",
    "rarity": "Rare",
    "condition": "",
    "icon": "166.png",
    "tags": "견고",
    "upgrade ": 0,
    "maxUpgrade ": 3
  },
  {
    "id": "aritifact_167",
    "name": "강화 포션 뚜껑",
    "rarity": "Common",
    "condition": "",
    "icon": "167.png",
    "tags": "",
    "upgrade ": 0,
    "maxUpgrade ": 0
  },
  {
    "id": "aritifact_168",
    "name": "반딧불이",
    "rarity": "UnCommon",
    "condition": "",
    "icon": "168.png",
    "tags": "",
    "upgrade ": 0,
    "maxUpgrade ": 2
  },
  {
    "id": "aritifact_169",
    "name": "쿠나이",
    "rarity": "UnCommon",
    "condition": "",
    "icon": "169.png",
    "tags": "정밀",
    "upgrade ": 0,
    "maxUpgrade ": 2
  },
  {
    "id": "aritifact_170",
    "name": "녹색 도복",
    "rarity": "Rare",
    "condition": "",
    "icon": "170.png",
    "tags": "",
    "upgrade ": 0,
    "maxUpgrade ": 3
  },
  {
    "id": "aritifact_171",
    "name": "오잉크 주술사의 목걸이",
    "rarity": "Rare",
    "condition": "",
    "icon": "171.png",
    "tags": "",
    "upgrade ": 0,
    "maxUpgrade ": 4
  },
  {
    "id": "aritifact_172",
    "name": "번갯돌",
    "rarity": "Rare",
    "condition": "",
    "icon": "172.png",
    "tags": "먹구름",
    "upgrade ": 0,
    "maxUpgrade ": 6
  },
  {
    "id": "aritifact_173",
    "name": "팔라스의 카드",
    "rarity": "UnCommon",
    "condition": "",
    "icon": "173.png",
    "tags": "",
    "upgrade ": 0,
    "maxUpgrade ": 4
  },
  {
    "id": "aritifact_174",
    "name": "얼음 날개",
    "rarity": "Legendary",
    "condition": "",
    "icon": "174.png",
    "tags": "얼음무구",
    "upgrade ": 0,
    "maxUpgrade ": 6
  },
  {
    "id": "aritifact_175",
    "name": "화염 가리개",
    "rarity": "UnCommon",
    "condition": "",
    "icon": "175.png",
    "tags": "잉걸불",
    "upgrade ": 0,
    "maxUpgrade ": 2
  },
  {
    "id": "aritifact_176",
    "name": "루비 브로치",
    "rarity": "Legendary",
    "condition": "",
    "icon": "176.png",
    "tags": "먹구름, 잉걸불",
    "upgrade ": 0,
    "maxUpgrade ": 3
  },
  {
    "id": "aritifact_177",
    "name": "혈석 귀걸이",
    "rarity": "Legendary",
    "condition": "",
    "icon": "177.png",
    "tags": "",
    "upgrade ": 0,
    "maxUpgrade ": 4
  },
  {
    "id": "aritifact_178",
    "name": "도마뱀 판금 갑옷",
    "rarity": "Rare",
    "condition": "",
    "icon": "178.png",
    "tags": "수호",
    "upgrade ": 0,
    "maxUpgrade ": 4
  },
  {
    "id": "aritifact_179",
    "name": "하얀 행성",
    "rarity": "Rare",
    "condition": "",
    "icon": "179.png",
    "tags": "행성",
    "upgrade ": 0,
    "maxUpgrade ": 7
  },
  {
    "id": "aritifact_180",
    "name": "푸른 손목 보호대",
    "rarity": "Legendary",
    "condition": "",
    "icon": "180.png",
    "tags": "신비, 마법공학",
    "upgrade ": 0,
    "maxUpgrade ": 5
  },
  {
    "id": "aritifact_181",
    "name": "석궁 화살통",
    "rarity": "UnCommon",
    "condition": "",
    "icon": "181.png",
    "tags": "",
    "upgrade ": 0,
    "maxUpgrade ": 3
  },
  {
    "id": "aritifact_182",
    "name": "재장전용 나무 상자",
    "rarity": "Rare",
    "condition": "",
    "icon": "182.png",
    "tags": "",
    "upgrade ": 0,
    "maxUpgrade ": 4
  },
  {
    "id": "aritifact_183",
    "name": "청동거울 파편",
    "rarity": "Rare",
    "condition": "",
    "icon": "183.png",
    "tags": "",
    "upgrade ": 0,
    "maxUpgrade ": 3
  }
]